{
    "window": {
        "start": 54.0,
        "end": 60.5
    },
    "islands": [
        {
            "time": 55.03333333333333,
            "score": 75.85739624500275,
            "metrics": {
                "indices": [
                    0,
                    1,
                    2,
                    3,
                    4,
                    5,
                    6,
                    7,
                    8,
                    9,
                    10,
                    11,
                    12,
                    13,
                    14,
                    15,
                    16,
                    17,
                    18,
                    19,
                    20,
                    21,
                    22,
                    23,
                    24,
                    25,
                    26,
                    27,
                    28,
                    29,
                    30,
                    31,
                    32,
                    33,
                    34,
                    35,
                    36,
                    37,
                    38,
                    39,
                    40,
                    41,
                    42,
                    43,
                    44,
                    45,
                    46,
                    47,
                    48,
                    49,
                    50,
                    51,
                    52,
                    53,
                    54,
                    55,
                    56,
                    57,
                    58,
                    59,
                    60,
                    61,
                    62,
                    63,
                    64,
                    65,
                    66,
                    67,
                    68,
                    69,
                    70,
                    71,
                    72,
                    73,
                    74,
                    75,
                    76,
                    77,
                    78,
                    79,
                    80,
                    81,
                    82,
                    83,
                    84,
                    85,
                    86,
                    87,
                    88,
                    89,
                    90,
                    91,
                    92,
                    93,
                    94,
                    95,
                    96,
                    97,
                    98,
                    99,
                    100,
                    101,
                    102,
                    103,
                    104,
                    105
                ],
                "start_idx": 0,
                "end_idx": 105,
                "duration": 106,
                "avg_laplacian": 392.7463056882519,
                "avg_entropy": 1.3020750284194946,
                "avg_s4": 100.0,
                "variance": 5.155377948540263e-05
            },
            "selected": true
        },
        {
            "time": 60.0,
            "score": 57.9878745675087,
            "metrics": {
                "indices": [
                    162,
                    163,
                    164,
                    165,
                    166,
                    167,
                    168,
                    169,
                    170,
                    171,
                    172,
                    173,
                    174,
                    175,
                    176,
                    177,
                    178,
                    179,
                    180,
                    181,
                    182,
                    183,
                    184,
                    185,
                    186,
                    187,
                    188,
                    189,
                    190,
                    191,
                    192,
                    193
                ],
                "start_idx": 162,
                "end_idx": 193,
                "duration": 32,
                "avg_laplacian": 343.8009044505727,
                "avg_entropy": 0.897739827632904,
                "avg_s4": 100.0,
                "variance": 0.0281726885586977
            },
            "selected": true
        }
    ],
    "selected": {
        "time": 55.03333333333333,
        "idx": 31
    }
}