{
    "window": {
        "start": 161.0,
        "end": 162.0
    },
    "islands": [
        {
            "time": 161.06666666666666,
            "score": 50.75851666927338,
            "metrics": {
                "indices": [
                    0,
                    1,
                    2,
                    3,
                    4,
                    5,
                    6,
                    7,
                    8,
                    9,
                    10,
                    11,
                    12,
                    13,
                    14,
                    15,
                    16,
                    17,
                    18,
                    19,
                    20,
                    21,
                    22,
                    23,
                    24,
                    25,
                    26,
                    27,
                    28,
                    29
                ],
                "start_idx": 0,
                "end_idx": 29,
                "duration": 30,
                "avg_laplacian": 539.411320489326,
                "avg_entropy": 1.0574946403503418,
                "avg_s4": 100.0,
                "variance": 1.6658009693859555e-10
            },
            "selected": true
        }
    ],
    "selected": {
        "time": 161.06666666666666,
        "idx": 2
    }
}