{
    "window": {
        "start": 35.0,
        "end": 37.5
    },
    "islands": [
        {
            "time": 35.03333333333333,
            "score": 64.09399604797363,
            "metrics": {
                "indices": [
                    0,
                    1,
                    2,
                    3,
                    4,
                    5,
                    6,
                    7,
                    8,
                    9,
                    10,
                    11,
                    12,
                    13,
                    14,
                    15,
                    16,
                    17,
                    18,
                    19,
                    20,
                    21,
                    22,
                    23,
                    24,
                    25,
                    26,
                    27,
                    28,
                    29,
                    30,
                    31,
                    32,
                    33,
                    34,
                    35,
                    36,
                    37,
                    38,
                    39,
                    40,
                    41,
                    42,
                    43,
                    44,
                    45,
                    46,
                    47,
                    48,
                    49,
                    50,
                    51,
                    52,
                    53,
                    54,
                    55,
                    56,
                    57,
                    58,
                    59,
                    60,
                    61,
                    62,
                    63,
                    64,
                    65,
                    66,
                    67,
                    68,
                    69,
                    70,
                    71,
                    72,
                    73,
                    74
                ],
                "start_idx": 0,
                "end_idx": 74,
                "duration": 75,
                "avg_laplacian": 443.5644104518286,
                "avg_entropy": 1.353669285774231,
                "avg_s4": 100.0,
                "variance": 1.145737194008234e-08
            },
            "selected": true
        }
    ],
    "selected": {
        "time": 35.03333333333333,
        "idx": 1
    }
}