{
    "window": {
        "start": 25.0,
        "end": 36.5
    },
    "islands": [
        {
            "time": 32.36666666666667,
            "score": 72.7733604311943,
            "metrics": {
                "indices": [
                    221,
                    222,
                    223,
                    224,
                    225,
                    226,
                    227,
                    228,
                    229,
                    230,
                    231,
                    232,
                    233,
                    234,
                    235,
                    236,
                    237,
                    238
                ],
                "start_idx": 221,
                "end_idx": 238,
                "duration": 18,
                "avg_laplacian": 382.5854381470214,
                "avg_entropy": 1.4933849573135376,
                "avg_s4": 100.0,
                "variance": 0.5511160492897034
            },
            "selected": true
        },
        {
            "time": 33.6,
            "score": 60.804143607616425,
            "metrics": {
                "indices": [
                    258,
                    259,
                    260,
                    261,
                    262,
                    263,
                    264,
                    265,
                    266,
                    267,
                    268,
                    269,
                    270,
                    271,
                    272,
                    273,
                    274,
                    275,
                    276,
                    277,
                    278,
                    279,
                    280,
                    281,
                    282,
                    283,
                    284,
                    285,
                    286,
                    287,
                    288,
                    289,
                    290,
                    291,
                    292,
                    293,
                    294,
                    295,
                    296,
                    297,
                    298,
                    299,
                    300,
                    301,
                    302,
                    303,
                    304,
                    305,
                    306,
                    307,
                    308,
                    309,
                    310,
                    311,
                    312,
                    313,
                    314,
                    315,
                    316,
                    317,
                    318,
                    319,
                    320,
                    321,
                    322,
                    323,
                    324,
                    325,
                    326,
                    327,
                    328,
                    329,
                    330,
                    331,
                    332,
                    333,
                    334,
                    335,
                    336,
                    337,
                    338,
                    339,
                    340,
                    341,
                    342,
                    343
                ],
                "start_idx": 258,
                "end_idx": 343,
                "duration": 86,
                "avg_laplacian": 377.2306796372447,
                "avg_entropy": 1.508397102355957,
                "avg_s4": 100.0,
                "variance": 0.09728941321372986
            },
            "selected": true
        }
    ],
    "selected": {
        "time": 32.36666666666667,
        "idx": 221
    }
}