{
    "window": {
        "start": 175.0,
        "end": 176.0
    },
    "islands": [
        {
            "time": 175.3,
            "score": 57.47192203998566,
            "metrics": {
                "indices": [
                    0,
                    1,
                    2,
                    3,
                    4,
                    5,
                    6,
                    7,
                    8,
                    9,
                    10,
                    11,
                    12,
                    13,
                    14,
                    15,
                    16,
                    17,
                    18,
                    19,
                    20,
                    21,
                    22,
                    23,
                    24,
                    25,
                    26,
                    27,
                    28,
                    29
                ],
                "start_idx": 0,
                "end_idx": 29,
                "duration": 30,
                "avg_laplacian": 593.7179900495113,
                "avg_entropy": 1.2160290479660034,
                "avg_s4": 100.0,
                "variance": 1.868649457392735e-09
            },
            "selected": true
        }
    ],
    "selected": {
        "time": 175.3,
        "idx": 9
    }
}